DELETE FROM shipment_tracking;
DELETE FROM delivered;
DELETE FROM transit_list;
DELETE FROM inventory_list;
DELETE FROM products;
INSERT INTO products (stock_id, product_name, quantity) VALUES ('PRD0001', 'Relay Switch', 89);
INSERT INTO products (stock_id, product_name, quantity) VALUES ('PRD0002', 'Bluetooth Module', 48);
INSERT INTO products (stock_id, product_name, quantity) VALUES ('PRD0003', 'Temperature Sensor', 74);
INSERT INTO products (stock_id, product_name, quantity) VALUES ('PRD0004', 'Gas Sensor', 26);
INSERT INTO products (stock_id, product_name, quantity) VALUES ('PRD0005', 'RFID Tag', 13);
INSERT INTO products (stock_id, product_name, quantity) VALUES ('PRD0006', 'Relay Switch', 96);
INSERT INTO products (stock_id, product_name, quantity) VALUES ('PRD0007', 'Power Adapter', 18);
INSERT INTO products (stock_id, product_name, quantity) VALUES ('PRD0008', 'Motion Sensor', 11);
INSERT INTO products (stock_id, product_name, quantity) VALUES ('PRD0009', 'Smart Bulb', 92);
INSERT INTO products (stock_id, product_name, quantity) VALUES ('PRD0010', 'Camera Module', 55);
INSERT INTO products (stock_id, product_name, quantity) VALUES ('PRD0011', 'Display Unit', 16);
INSERT INTO products (stock_id, product_name, quantity) VALUES ('PRD0012', 'Gas Sensor', 89);
INSERT INTO products (stock_id, product_name, quantity) VALUES ('PRD0013', 'IR Sensor', 18);
INSERT INTO products (stock_id, product_name, quantity) VALUES ('PRD0014', 'Camera Module', 16);
INSERT INTO products (stock_id, product_name, quantity) VALUES ('PRD0015', 'Smart Plug', 19);
INSERT INTO products (stock_id, product_name, quantity) VALUES ('PRD0016', 'Smart Bulb', 57);
INSERT INTO products (stock_id, product_name, quantity) VALUES ('PRD0017', 'Smart Bulb', 22);
INSERT INTO products (stock_id, product_name, quantity) VALUES ('PRD0018', 'Power Adapter', 66);
INSERT INTO products (stock_id, product_name, quantity) VALUES ('PRD0019', 'Bluetooth Module', 35);
INSERT INTO products (stock_id, product_name, quantity) VALUES ('PRD0020', 'GPS Tracker', 59);
INSERT INTO products (stock_id, product_name, quantity) VALUES ('PRD0021', 'Camera Module', 85);
INSERT INTO products (stock_id, product_name, quantity) VALUES ('PRD0022', 'Smart Bulb', 27);
INSERT INTO products (stock_id, product_name, quantity) VALUES ('PRD0023', 'Camera Module', 35);
INSERT INTO products (stock_id, product_name, quantity) VALUES ('PRD0024', 'Camera Module', 60);
INSERT INTO products (stock_id, product_name, quantity) VALUES ('PRD0025', 'IR Sensor', 78);
INSERT INTO products (stock_id, product_name, quantity) VALUES ('PRD0026', 'WiFi Module', 25);
INSERT INTO products (stock_id, product_name, quantity) VALUES ('PRD0027', 'WiFi Module', 32);
INSERT INTO products (stock_id, product_name, quantity) VALUES ('PRD0028', 'Relay Switch', 22);
INSERT INTO products (stock_id, product_name, quantity) VALUES ('PRD0029', 'Smart Plug', 65);
INSERT INTO products (stock_id, product_name, quantity) VALUES ('PRD0030', 'IR Sensor', 74);
INSERT INTO products (stock_id, product_name, quantity) VALUES ('PRD0031', 'Motion Sensor', 61);
INSERT INTO products (stock_id, product_name, quantity) VALUES ('PRD0032', 'Microcontroller', 71);
INSERT INTO products (stock_id, product_name, quantity) VALUES ('PRD0033', 'Smart Bulb', 50);
INSERT INTO products (stock_id, product_name, quantity) VALUES ('PRD0034', 'Motion Sensor', 23);
INSERT INTO products (stock_id, product_name, quantity) VALUES ('PRD0035', 'IR Sensor', 46);
INSERT INTO products (stock_id, product_name, quantity) VALUES ('PRD0036', 'Temperature Sensor', 74);
INSERT INTO products (stock_id, product_name, quantity) VALUES ('PRD0037', 'Camera Module', 49);
INSERT INTO products (stock_id, product_name, quantity) VALUES ('PRD0038', 'GPS Tracker', 14);
INSERT INTO products (stock_id, product_name, quantity) VALUES ('PRD0039', 'Smart Plug', 95);
INSERT INTO products (stock_id, product_name, quantity) VALUES ('PRD0040', 'Relay Switch', 13);
INSERT INTO products (stock_id, product_name, quantity) VALUES ('PRD0041', 'Camera Module', 76);
INSERT INTO products (stock_id, product_name, quantity) VALUES ('PRD0042', 'RFID Tag', 30);
INSERT INTO products (stock_id, product_name, quantity) VALUES ('PRD0043', 'RFID Tag', 73);
INSERT INTO products (stock_id, product_name, quantity) VALUES ('PRD0044', 'Temperature Sensor', 100);
INSERT INTO products (stock_id, product_name, quantity) VALUES ('PRD0045', 'Display Unit', 43);
INSERT INTO products (stock_id, product_name, quantity) VALUES ('PRD0046', 'Microcontroller', 14);
INSERT INTO products (stock_id, product_name, quantity) VALUES ('PRD0047', 'Bluetooth Module', 84);
INSERT INTO products (stock_id, product_name, quantity) VALUES ('PRD0048', 'Bluetooth Module', 81);
INSERT INTO products (stock_id, product_name, quantity) VALUES ('PRD0049', 'RFID Tag', 73);
INSERT INTO products (stock_id, product_name, quantity) VALUES ('PRD0050', 'RFID Tag', 53);
INSERT INTO inventory_list (stock_id, stock_name, quantity, status, moved_to_inventory_at) VALUES ('INV0051', 'Smart Bulb', 77, 'in inventory', '2025-03-03T08:31:46.320693');
INSERT INTO inventory_list (stock_id, stock_name, quantity, status, moved_to_inventory_at) VALUES ('INV0052', 'Smart Plug', 13, 'in inventory', '2025-03-05T08:31:46.320717');
INSERT INTO inventory_list (stock_id, stock_name, quantity, status, moved_to_inventory_at) VALUES ('INV0053', 'Microcontroller', 32, 'in inventory', '2025-03-20T08:31:46.320727');
INSERT INTO inventory_list (stock_id, stock_name, quantity, status, moved_to_inventory_at) VALUES ('INV0054', 'Display Unit', 69, 'in inventory', '2025-03-19T08:31:46.320734');
INSERT INTO inventory_list (stock_id, stock_name, quantity, status, moved_to_inventory_at) VALUES ('INV0055', 'GPS Tracker', 11, 'in inventory', '2025-03-09T08:31:46.320739');
INSERT INTO inventory_list (stock_id, stock_name, quantity, status, moved_to_inventory_at) VALUES ('INV0056', 'GPS Tracker', 72, 'in inventory', '2025-03-15T08:31:46.320745');
INSERT INTO inventory_list (stock_id, stock_name, quantity, status, moved_to_inventory_at) VALUES ('INV0057', 'GPS Tracker', 91, 'in inventory', '2025-03-17T08:31:46.320750');
INSERT INTO inventory_list (stock_id, stock_name, quantity, status, moved_to_inventory_at) VALUES ('INV0058', 'Motion Sensor', 91, 'in inventory', '2025-03-27T08:31:46.320757');
INSERT INTO inventory_list (stock_id, stock_name, quantity, status, moved_to_inventory_at) VALUES ('INV0059', 'Bluetooth Module', 21, 'in inventory', '2025-03-14T08:31:46.320763');
INSERT INTO inventory_list (stock_id, stock_name, quantity, status, moved_to_inventory_at) VALUES ('INV0060', 'Microcontroller', 91, 'in inventory', '2025-03-14T08:31:46.320768');
INSERT INTO inventory_list (stock_id, stock_name, quantity, status, moved_to_inventory_at) VALUES ('INV0061', 'Camera Module', 47, 'in inventory', '2025-03-16T08:31:46.320773');
INSERT INTO inventory_list (stock_id, stock_name, quantity, status, moved_to_inventory_at) VALUES ('INV0062', 'Gas Sensor', 39, 'in inventory', '2025-03-13T08:31:46.320778');
INSERT INTO inventory_list (stock_id, stock_name, quantity, status, moved_to_inventory_at) VALUES ('INV0063', 'GPS Tracker', 13, 'in inventory', '2025-03-08T08:31:46.320783');
INSERT INTO inventory_list (stock_id, stock_name, quantity, status, moved_to_inventory_at) VALUES ('INV0064', 'Smart Bulb', 69, 'in inventory', '2025-03-12T08:31:46.320788');
INSERT INTO inventory_list (stock_id, stock_name, quantity, status, moved_to_inventory_at) VALUES ('INV0065', 'RFID Tag', 39, 'in inventory', '2025-03-11T08:31:46.320792');
INSERT INTO inventory_list (stock_id, stock_name, quantity, status, moved_to_inventory_at) VALUES ('INV0066', 'GPS Tracker', 92, 'in inventory', '2025-03-25T08:31:46.320797');
INSERT INTO inventory_list (stock_id, stock_name, quantity, status, moved_to_inventory_at) VALUES ('INV0067', 'Smart Bulb', 15, 'in inventory', '2025-03-31T08:31:46.320802');
INSERT INTO inventory_list (stock_id, stock_name, quantity, status, moved_to_inventory_at) VALUES ('INV0068', 'GPS Tracker', 20, 'in inventory', '2025-03-09T08:31:46.320807');
INSERT INTO inventory_list (stock_id, stock_name, quantity, status, moved_to_inventory_at) VALUES ('INV0069', 'Power Adapter', 92, 'in inventory', '2025-03-23T08:31:46.320812');
INSERT INTO inventory_list (stock_id, stock_name, quantity, status, moved_to_inventory_at) VALUES ('INV0070', 'Camera Module', 87, 'in inventory', '2025-03-09T08:31:46.320817');
INSERT INTO inventory_list (stock_id, stock_name, quantity, status, moved_to_inventory_at) VALUES ('INV0071', 'Display Unit', 98, 'in inventory', '2025-03-14T08:31:46.320821');
INSERT INTO inventory_list (stock_id, stock_name, quantity, status, moved_to_inventory_at) VALUES ('INV0072', 'Gas Sensor', 64, 'in inventory', '2025-03-24T08:31:46.320826');
INSERT INTO inventory_list (stock_id, stock_name, quantity, status, moved_to_inventory_at) VALUES ('INV0073', 'Microcontroller', 11, 'in inventory', '2025-03-26T08:31:46.320831');
INSERT INTO inventory_list (stock_id, stock_name, quantity, status, moved_to_inventory_at) VALUES ('INV0074', 'WiFi Module', 27, 'in inventory', '2025-03-29T08:31:46.320836');
INSERT INTO inventory_list (stock_id, stock_name, quantity, status, moved_to_inventory_at) VALUES ('INV0075', 'Power Adapter', 89, 'in inventory', '2025-03-19T08:31:46.320841');
INSERT INTO inventory_list (stock_id, stock_name, quantity, status, moved_to_inventory_at) VALUES ('INV0076', 'Gas Sensor', 11, 'in inventory', '2025-03-19T08:31:46.320845');
INSERT INTO inventory_list (stock_id, stock_name, quantity, status, moved_to_inventory_at) VALUES ('INV0077', 'Camera Module', 54, 'in inventory', '2025-03-24T08:31:46.320850');
INSERT INTO inventory_list (stock_id, stock_name, quantity, status, moved_to_inventory_at) VALUES ('INV0078', 'Temperature Sensor', 56, 'in inventory', '2025-03-10T08:31:46.320855');
INSERT INTO inventory_list (stock_id, stock_name, quantity, status, moved_to_inventory_at) VALUES ('INV0079', 'IR Sensor', 12, 'in inventory', '2025-03-12T08:31:46.320860');
INSERT INTO inventory_list (stock_id, stock_name, quantity, status, moved_to_inventory_at) VALUES ('INV0080', 'Power Adapter', 26, 'in inventory', '2025-03-09T08:31:46.320864');
INSERT INTO inventory_list (stock_id, stock_name, quantity, status, moved_to_inventory_at) VALUES ('INV0081', 'Relay Switch', 34, 'in inventory', '2025-03-07T08:31:46.320869');
INSERT INTO inventory_list (stock_id, stock_name, quantity, status, moved_to_inventory_at) VALUES ('INV0082', 'Bluetooth Module', 74, 'in inventory', '2025-03-07T08:31:46.320874');
INSERT INTO inventory_list (stock_id, stock_name, quantity, status, moved_to_inventory_at) VALUES ('INV0083', 'Bluetooth Module', 91, 'in inventory', '2025-03-02T08:31:46.320878');
INSERT INTO inventory_list (stock_id, stock_name, quantity, status, moved_to_inventory_at) VALUES ('INV0084', 'IR Sensor', 75, 'in inventory', '2025-03-19T08:31:46.320883');
INSERT INTO inventory_list (stock_id, stock_name, quantity, status, moved_to_inventory_at) VALUES ('INV0085', 'Display Unit', 89, 'in inventory', '2025-03-29T08:31:46.320888');
INSERT INTO inventory_list (stock_id, stock_name, quantity, status, moved_to_inventory_at) VALUES ('INV0086', 'GPS Tracker', 38, 'in inventory', '2025-03-31T08:31:46.320893');
INSERT INTO inventory_list (stock_id, stock_name, quantity, status, moved_to_inventory_at) VALUES ('INV0087', 'Bluetooth Module', 75, 'in inventory', '2025-03-08T08:31:46.320898');
INSERT INTO inventory_list (stock_id, stock_name, quantity, status, moved_to_inventory_at) VALUES ('INV0088', 'Smart Plug', 74, 'in inventory', '2025-03-12T08:31:46.320902');
INSERT INTO inventory_list (stock_id, stock_name, quantity, status, moved_to_inventory_at) VALUES ('INV0089', 'Gas Sensor', 19, 'in inventory', '2025-03-04T08:31:46.320907');
INSERT INTO inventory_list (stock_id, stock_name, quantity, status, moved_to_inventory_at) VALUES ('INV0090', 'Motion Sensor', 66, 'in inventory', '2025-03-04T08:31:46.320912');
INSERT INTO inventory_list (stock_id, stock_name, quantity, status, moved_to_inventory_at) VALUES ('INV0091', 'Motion Sensor', 77, 'in inventory', '2025-03-05T08:31:46.320918');
INSERT INTO inventory_list (stock_id, stock_name, quantity, status, moved_to_inventory_at) VALUES ('INV0092', 'Smart Plug', 39, 'in inventory', '2025-03-18T08:31:46.320923');
INSERT INTO inventory_list (stock_id, stock_name, quantity, status, moved_to_inventory_at) VALUES ('INV0093', 'Relay Switch', 45, 'in inventory', '2025-03-19T08:31:46.320928');
INSERT INTO inventory_list (stock_id, stock_name, quantity, status, moved_to_inventory_at) VALUES ('INV0094', 'Microcontroller', 34, 'in inventory', '2025-03-08T08:31:46.320933');
INSERT INTO inventory_list (stock_id, stock_name, quantity, status, moved_to_inventory_at) VALUES ('INV0095', 'GPS Tracker', 57, 'in inventory', '2025-03-04T08:31:46.320938');
INSERT INTO inventory_list (stock_id, stock_name, quantity, status, moved_to_inventory_at) VALUES ('INV0096', 'IR Sensor', 84, 'in inventory', '2025-03-15T08:31:46.320942');
INSERT INTO inventory_list (stock_id, stock_name, quantity, status, moved_to_inventory_at) VALUES ('INV0097', 'WiFi Module', 94, 'in inventory', '2025-03-17T08:31:46.320947');
INSERT INTO inventory_list (stock_id, stock_name, quantity, status, moved_to_inventory_at) VALUES ('INV0098', 'Microcontroller', 80, 'in inventory', '2025-03-11T08:31:46.320952');
INSERT INTO inventory_list (stock_id, stock_name, quantity, status, moved_to_inventory_at) VALUES ('INV0099', 'IR Sensor', 51, 'in inventory', '2025-03-12T08:31:46.320956');
INSERT INTO inventory_list (stock_id, stock_name, quantity, status, moved_to_inventory_at) VALUES ('INV0100', 'IR Sensor', 62, 'in inventory', '2025-03-02T08:31:46.320961');
INSERT INTO transit_list (stock_id, stock_name, quantity, status, last_location_updated_at, moved_at) VALUES ('TRN0101', 'Bluetooth Module', 26, 'in transit', '2025-03-26T01:31:46.321271', '2025-03-25T08:31:46.321271');
INSERT INTO shipment_tracking (stock_id, latitude, longitude, temperature, updated_at, source_location, destination_location, in_transit_since) VALUES ('TRN0101', 12.974427, 78.104575, 22.55, '2025-03-26T01:31:46.321271', 'Vishakhapatnam', 'Tirupati', INTERVAL '17:00:00');
INSERT INTO transit_list (stock_id, stock_name, quantity, status, last_location_updated_at, moved_at) VALUES ('TRN0102', 'Smart Plug', 69, 'in transit', '2025-03-26T14:31:46.321326', '2025-03-26T08:31:46.321326');
INSERT INTO shipment_tracking (stock_id, latitude, longitude, temperature, updated_at, source_location, destination_location, in_transit_since) VALUES ('TRN0102', 11.06585, 79.994149, 33.66, '2025-03-26T14:31:46.321326', 'Vishakhapatnam', 'Ambur', INTERVAL '6:00:00');
INSERT INTO transit_list (stock_id, stock_name, quantity, status, last_location_updated_at, moved_at) VALUES ('TRN0103', 'Relay Switch', 18, 'in transit', '2025-03-28T12:31:46.321348', '2025-03-28T08:31:46.321348');
INSERT INTO shipment_tracking (stock_id, latitude, longitude, temperature, updated_at, source_location, destination_location, in_transit_since) VALUES ('TRN0103', 10.791026, 79.048313, 20.72, '2025-03-28T12:31:46.321348', 'Vishakhapatnam', 'Hosur', INTERVAL '4:00:00');
INSERT INTO transit_list (stock_id, stock_name, quantity, status, last_location_updated_at, moved_at) VALUES ('TRN0104', 'Relay Switch', 86, 'in transit', '2025-03-22T22:31:46.321367', '2025-03-22T08:31:46.321367');
INSERT INTO shipment_tracking (stock_id, latitude, longitude, temperature, updated_at, source_location, destination_location, in_transit_since) VALUES ('TRN0104', 11.575881, 77.887044, 22.03, '2025-03-22T22:31:46.321367', 'Vishakhapatnam', 'Hosur', INTERVAL '14:00:00');
INSERT INTO transit_list (stock_id, stock_name, quantity, status, last_location_updated_at, moved_at) VALUES ('TRN0105', 'Gas Sensor', 73, 'in transit', '2025-03-23T15:31:46.321400', '2025-03-22T08:31:46.321400');
INSERT INTO shipment_tracking (stock_id, latitude, longitude, temperature, updated_at, source_location, destination_location, in_transit_since) VALUES ('TRN0105', 12.837109, 79.236227, 32.89, '2025-03-23T15:31:46.321400', 'Bengaluru', 'Ambur', INTERVAL '1 day, 7:00:00');
INSERT INTO transit_list (stock_id, stock_name, quantity, status, last_location_updated_at, moved_at) VALUES ('TRN0106', 'Bluetooth Module', 59, 'in transit', '2025-03-29T10:31:46.321420', '2025-03-28T08:31:46.321420');
INSERT INTO shipment_tracking (stock_id, latitude, longitude, temperature, updated_at, source_location, destination_location, in_transit_since) VALUES ('TRN0106', 10.611413, 78.468895, 28.34, '2025-03-29T10:31:46.321420', 'Bengaluru', 'Dharmapuri', INTERVAL '1 day, 2:00:00');
INSERT INTO transit_list (stock_id, stock_name, quantity, status, last_location_updated_at, moved_at) VALUES ('TRN0107', 'Display Unit', 32, 'in transit', '2025-03-31T01:31:46.321439', '2025-03-29T08:31:46.321439');
INSERT INTO shipment_tracking (stock_id, latitude, longitude, temperature, updated_at, source_location, destination_location, in_transit_since) VALUES ('TRN0107', 11.574604, 77.353316, 27.23, '2025-03-31T01:31:46.321439', 'Chennai', 'Tirupati', INTERVAL '1 day, 17:00:00');
INSERT INTO transit_list (stock_id, stock_name, quantity, status, last_location_updated_at, moved_at) VALUES ('TRN0108', 'Temperature Sensor', 26, 'in transit', '2025-03-23T00:31:46.321460', '2025-03-22T08:31:46.321460');
INSERT INTO shipment_tracking (stock_id, latitude, longitude, temperature, updated_at, source_location, destination_location, in_transit_since) VALUES ('TRN0108', 11.085786, 76.821606, 26.26, '2025-03-23T00:31:46.321460', 'Salem', 'Tirupati', INTERVAL '16:00:00');
INSERT INTO transit_list (stock_id, stock_name, quantity, status, last_location_updated_at, moved_at) VALUES ('TRN0109', 'Temperature Sensor', 23, 'in transit', '2025-03-26T07:31:46.321481', '2025-03-25T08:31:46.321481');
INSERT INTO shipment_tracking (stock_id, latitude, longitude, temperature, updated_at, source_location, destination_location, in_transit_since) VALUES ('TRN0109', 10.236941, 76.406533, 29.32, '2025-03-26T07:31:46.321481', 'Chennai', 'Tirupati', INTERVAL '23:00:00');
INSERT INTO transit_list (stock_id, stock_name, quantity, status, last_location_updated_at, moved_at) VALUES ('TRN0110', 'Smart Plug', 25, 'in transit', '2025-03-28T19:31:46.321499', '2025-03-28T08:31:46.321499');
INSERT INTO shipment_tracking (stock_id, latitude, longitude, temperature, updated_at, source_location, destination_location, in_transit_since) VALUES ('TRN0110', 11.858716, 77.608912, 29.91, '2025-03-28T19:31:46.321499', 'Bengaluru', 'Tirupati', INTERVAL '11:00:00');
INSERT INTO transit_list (stock_id, stock_name, quantity, status, last_location_updated_at, moved_at) VALUES ('TRN0111', 'Microcontroller', 52, 'in transit', '2025-03-27T08:31:46.321518', '2025-03-25T08:31:46.321518');
INSERT INTO shipment_tracking (stock_id, latitude, longitude, temperature, updated_at, source_location, destination_location, in_transit_since) VALUES ('TRN0111', 12.775208, 79.781259, 33.01, '2025-03-27T08:31:46.321518', 'Salem', 'Ambur', INTERVAL '2 days, 0:00:00');
INSERT INTO transit_list (stock_id, stock_name, quantity, status, last_location_updated_at, moved_at) VALUES ('TRN0112', 'Camera Module', 60, 'in transit', '2025-03-28T01:31:46.321536', '2025-03-27T08:31:46.321536');
INSERT INTO shipment_tracking (stock_id, latitude, longitude, temperature, updated_at, source_location, destination_location, in_transit_since) VALUES ('TRN0112', 12.683253, 77.691692, 31.45, '2025-03-28T01:31:46.321536', 'Bengaluru', 'Tirupati', INTERVAL '17:00:00');
INSERT INTO transit_list (stock_id, stock_name, quantity, status, last_location_updated_at, moved_at) VALUES ('TRN0113', 'Bluetooth Module', 50, 'in transit', '2025-03-28T17:31:46.321555', '2025-03-28T08:31:46.321555');
INSERT INTO shipment_tracking (stock_id, latitude, longitude, temperature, updated_at, source_location, destination_location, in_transit_since) VALUES ('TRN0113', 12.584498, 76.977548, 28.13, '2025-03-28T17:31:46.321555', 'Vishakhapatnam', 'Tirupati', INTERVAL '9:00:00');
INSERT INTO transit_list (stock_id, stock_name, quantity, status, last_location_updated_at, moved_at) VALUES ('TRN0114', 'WiFi Module', 20, 'in transit', '2025-03-29T14:31:46.321573', '2025-03-28T08:31:46.321573');
INSERT INTO shipment_tracking (stock_id, latitude, longitude, temperature, updated_at, source_location, destination_location, in_transit_since) VALUES ('TRN0114', 10.510918, 77.425681, 20.49, '2025-03-29T14:31:46.321573', 'Chennai', 'Dharmapuri', INTERVAL '1 day, 6:00:00');
INSERT INTO transit_list (stock_id, stock_name, quantity, status, last_location_updated_at, moved_at) VALUES ('TRN0115', 'Bluetooth Module', 68, 'in transit', '2025-03-23T10:31:46.321591', '2025-03-22T08:31:46.321591');
INSERT INTO shipment_tracking (stock_id, latitude, longitude, temperature, updated_at, source_location, destination_location, in_transit_since) VALUES ('TRN0115', 12.356188, 77.684864, 25.64, '2025-03-23T10:31:46.321591', 'Chennai', 'Ambur', INTERVAL '1 day, 2:00:00');
INSERT INTO transit_list (stock_id, stock_name, quantity, status, last_location_updated_at, moved_at) VALUES ('TRN0116', 'WiFi Module', 70, 'in transit', '2025-03-24T03:31:46.321609', '2025-03-23T08:31:46.321609');
INSERT INTO shipment_tracking (stock_id, latitude, longitude, temperature, updated_at, source_location, destination_location, in_transit_since) VALUES ('TRN0116', 11.403741, 78.910628, 20.58, '2025-03-24T03:31:46.321609', 'Salem', 'Ambur', INTERVAL '19:00:00');
INSERT INTO transit_list (stock_id, stock_name, quantity, status, last_location_updated_at, moved_at) VALUES ('TRN0117', 'Camera Module', 95, 'in transit', '2025-03-29T16:31:46.321627', '2025-03-29T08:31:46.321627');
INSERT INTO shipment_tracking (stock_id, latitude, longitude, temperature, updated_at, source_location, destination_location, in_transit_since) VALUES ('TRN0117', 12.440131, 79.672732, 32.44, '2025-03-29T16:31:46.321627', 'Bengaluru', 'Dharmapuri', INTERVAL '8:00:00');
INSERT INTO transit_list (stock_id, stock_name, quantity, status, last_location_updated_at, moved_at) VALUES ('TRN0118', 'Display Unit', 73, 'in transit', '2025-03-29T12:31:46.321644', '2025-03-29T08:31:46.321644');
INSERT INTO shipment_tracking (stock_id, latitude, longitude, temperature, updated_at, source_location, destination_location, in_transit_since) VALUES ('TRN0118', 10.051033, 76.969878, 20.96, '2025-03-29T12:31:46.321644', 'Salem', 'Tirupati', INTERVAL '4:00:00');
INSERT INTO transit_list (stock_id, stock_name, quantity, status, last_location_updated_at, moved_at) VALUES ('TRN0119', 'Bluetooth Module', 94, 'in transit', '2025-03-27T14:31:46.321662', '2025-03-27T08:31:46.321662');
INSERT INTO shipment_tracking (stock_id, latitude, longitude, temperature, updated_at, source_location, destination_location, in_transit_since) VALUES ('TRN0119', 10.791848, 76.762246, 24.67, '2025-03-27T14:31:46.321662', 'Chennai', 'Tirupati', INTERVAL '6:00:00');
INSERT INTO transit_list (stock_id, stock_name, quantity, status, last_location_updated_at, moved_at) VALUES ('TRN0120', 'Microcontroller', 36, 'in transit', '2025-03-25T17:31:46.321679', '2025-03-25T08:31:46.321679');
INSERT INTO shipment_tracking (stock_id, latitude, longitude, temperature, updated_at, source_location, destination_location, in_transit_since) VALUES ('TRN0120', 10.283083, 78.179184, 33.57, '2025-03-25T17:31:46.321679', 'Salem', 'Ambur', INTERVAL '9:00:00');
INSERT INTO transit_list (stock_id, stock_name, quantity, status, last_location_updated_at, moved_at) VALUES ('TRN0121', 'Camera Module', 100, 'in transit', '2025-03-22T09:31:46.321696', '2025-03-22T08:31:46.321696');
INSERT INTO shipment_tracking (stock_id, latitude, longitude, temperature, updated_at, source_location, destination_location, in_transit_since) VALUES ('TRN0121', 10.049575, 79.456562, 34.21, '2025-03-22T09:31:46.321696', 'Salem', 'Hosur', INTERVAL '1:00:00');
INSERT INTO transit_list (stock_id, stock_name, quantity, status, last_location_updated_at, moved_at) VALUES ('TRN0122', 'Motion Sensor', 35, 'in transit', '2025-03-27T01:31:46.321718', '2025-03-26T08:31:46.321718');
INSERT INTO shipment_tracking (stock_id, latitude, longitude, temperature, updated_at, source_location, destination_location, in_transit_since) VALUES ('TRN0122', 12.127057, 76.972082, 24.72, '2025-03-27T01:31:46.321718', 'Chennai', 'Tirupati', INTERVAL '17:00:00');
INSERT INTO transit_list (stock_id, stock_name, quantity, status, last_location_updated_at, moved_at) VALUES ('TRN0123', 'RFID Tag', 92, 'in transit', '2025-03-24T03:31:46.321748', '2025-03-22T08:31:46.321748');
INSERT INTO shipment_tracking (stock_id, latitude, longitude, temperature, updated_at, source_location, destination_location, in_transit_since) VALUES ('TRN0123', 11.891818, 77.504067, 28.27, '2025-03-24T03:31:46.321748', 'Bengaluru', 'Tirupati', INTERVAL '1 day, 19:00:00');
INSERT INTO transit_list (stock_id, stock_name, quantity, status, last_location_updated_at, moved_at) VALUES ('TRN0124', 'RFID Tag', 48, 'in transit', '2025-03-24T21:31:46.321769', '2025-03-24T08:31:46.321769');
INSERT INTO shipment_tracking (stock_id, latitude, longitude, temperature, updated_at, source_location, destination_location, in_transit_since) VALUES ('TRN0124', 12.604552, 76.362273, 28.81, '2025-03-24T21:31:46.321769', 'Chennai', 'Tirupati', INTERVAL '13:00:00');
INSERT INTO transit_list (stock_id, stock_name, quantity, status, last_location_updated_at, moved_at) VALUES ('TRN0125', 'WiFi Module', 25, 'in transit', '2025-03-26T21:31:46.321794', '2025-03-25T08:31:46.321794');
INSERT INTO shipment_tracking (stock_id, latitude, longitude, temperature, updated_at, source_location, destination_location, in_transit_since) VALUES ('TRN0125', 11.359695, 78.974944, 26.63, '2025-03-26T21:31:46.321794', 'Vishakhapatnam', 'Dharmapuri', INTERVAL '1 day, 13:00:00');
INSERT INTO transit_list (stock_id, stock_name, quantity, status, last_location_updated_at, moved_at) VALUES ('TRN0126', 'Display Unit', 29, 'in transit', '2025-03-22T19:31:46.321817', '2025-03-22T08:31:46.321817');
INSERT INTO shipment_tracking (stock_id, latitude, longitude, temperature, updated_at, source_location, destination_location, in_transit_since) VALUES ('TRN0126', 12.535101, 77.335942, 20.08, '2025-03-22T19:31:46.321817', 'Bengaluru', 'Tirupati', INTERVAL '11:00:00');
INSERT INTO transit_list (stock_id, stock_name, quantity, status, last_location_updated_at, moved_at) VALUES ('TRN0127', 'Relay Switch', 75, 'in transit', '2025-03-25T17:31:46.321843', '2025-03-24T08:31:46.321843');
INSERT INTO shipment_tracking (stock_id, latitude, longitude, temperature, updated_at, source_location, destination_location, in_transit_since) VALUES ('TRN0127', 11.799788, 79.109771, 26.72, '2025-03-25T17:31:46.321843', 'Bengaluru', 'Ambur', INTERVAL '1 day, 9:00:00');
INSERT INTO transit_list (stock_id, stock_name, quantity, status, last_location_updated_at, moved_at) VALUES ('TRN0128', 'Smart Plug', 51, 'in transit', '2025-03-28T11:31:46.321869', '2025-03-27T08:31:46.321869');
INSERT INTO shipment_tracking (stock_id, latitude, longitude, temperature, updated_at, source_location, destination_location, in_transit_since) VALUES ('TRN0128', 10.744917, 76.609414, 31.28, '2025-03-28T11:31:46.321869', 'Chennai', 'Ambur', INTERVAL '1 day, 3:00:00');
INSERT INTO transit_list (stock_id, stock_name, quantity, status, last_location_updated_at, moved_at) VALUES ('TRN0129', 'Smart Plug', 51, 'in transit', '2025-03-28T15:31:46.321896', '2025-03-27T08:31:46.321896');
INSERT INTO shipment_tracking (stock_id, latitude, longitude, temperature, updated_at, source_location, destination_location, in_transit_since) VALUES ('TRN0129', 10.559931, 77.94367, 33.51, '2025-03-28T15:31:46.321896', 'Bengaluru', 'Tirupati', INTERVAL '1 day, 7:00:00');
INSERT INTO transit_list (stock_id, stock_name, quantity, status, last_location_updated_at, moved_at) VALUES ('TRN0130', 'Smart Bulb', 60, 'in transit', '2025-03-29T17:31:46.321924', '2025-03-28T08:31:46.321924');
INSERT INTO shipment_tracking (stock_id, latitude, longitude, temperature, updated_at, source_location, destination_location, in_transit_since) VALUES ('TRN0130', 12.119297, 78.447539, 25.18, '2025-03-29T17:31:46.321924', 'Salem', 'Hosur', INTERVAL '1 day, 9:00:00');
INSERT INTO transit_list (stock_id, stock_name, quantity, status, last_location_updated_at, moved_at) VALUES ('TRN0131', 'Relay Switch', 17, 'in transit', '2025-03-24T06:31:46.321951', '2025-03-22T08:31:46.321951');
INSERT INTO shipment_tracking (stock_id, latitude, longitude, temperature, updated_at, source_location, destination_location, in_transit_since) VALUES ('TRN0131', 10.646557, 77.551714, 29.43, '2025-03-24T06:31:46.321951', 'Bengaluru', 'Hosur', INTERVAL '1 day, 22:00:00');
INSERT INTO transit_list (stock_id, stock_name, quantity, status, last_location_updated_at, moved_at) VALUES ('TRN0132', 'IR Sensor', 71, 'in transit', '2025-03-30T06:31:46.321982', '2025-03-28T08:31:46.321982');
INSERT INTO shipment_tracking (stock_id, latitude, longitude, temperature, updated_at, source_location, destination_location, in_transit_since) VALUES ('TRN0132', 11.119585, 79.645574, 24.29, '2025-03-30T06:31:46.321982', 'Vishakhapatnam', 'Hosur', INTERVAL '1 day, 22:00:00');
INSERT INTO transit_list (stock_id, stock_name, quantity, status, last_location_updated_at, moved_at) VALUES ('TRN0133', 'Motion Sensor', 69, 'in transit', '2025-03-25T05:31:46.322012', '2025-03-23T08:31:46.322012');
INSERT INTO shipment_tracking (stock_id, latitude, longitude, temperature, updated_at, source_location, destination_location, in_transit_since) VALUES ('TRN0133', 12.006999, 76.370334, 23.64, '2025-03-25T05:31:46.322012', 'Vishakhapatnam', 'Ambur', INTERVAL '1 day, 21:00:00');
INSERT INTO transit_list (stock_id, stock_name, quantity, status, last_location_updated_at, moved_at) VALUES ('TRN0134', 'Microcontroller', 87, 'in transit', '2025-03-26T18:31:46.322031', '2025-03-26T08:31:46.322031');
INSERT INTO shipment_tracking (stock_id, latitude, longitude, temperature, updated_at, source_location, destination_location, in_transit_since) VALUES ('TRN0134', 10.474535, 78.577612, 30.75, '2025-03-26T18:31:46.322031', 'Vishakhapatnam', 'Ambur', INTERVAL '10:00:00');
INSERT INTO transit_list (stock_id, stock_name, quantity, status, last_location_updated_at, moved_at) VALUES ('TRN0135', 'Gas Sensor', 67, 'in transit', '2025-03-24T00:31:46.322050', '2025-03-22T08:31:46.322050');
INSERT INTO shipment_tracking (stock_id, latitude, longitude, temperature, updated_at, source_location, destination_location, in_transit_since) VALUES ('TRN0135', 11.021297, 79.900236, 32.13, '2025-03-24T00:31:46.322050', 'Vishakhapatnam', 'Dharmapuri', INTERVAL '1 day, 16:00:00');
INSERT INTO transit_list (stock_id, stock_name, quantity, status, last_location_updated_at, moved_at) VALUES ('TRN0136', 'RFID Tag', 41, 'in transit', '2025-03-26T09:31:46.322068', '2025-03-26T08:31:46.322068');
INSERT INTO shipment_tracking (stock_id, latitude, longitude, temperature, updated_at, source_location, destination_location, in_transit_since) VALUES ('TRN0136', 12.116491, 78.560955, 24.9, '2025-03-26T09:31:46.322068', 'Vishakhapatnam', 'Ambur', INTERVAL '1:00:00');
INSERT INTO transit_list (stock_id, stock_name, quantity, status, last_location_updated_at, moved_at) VALUES ('TRN0137', 'Gas Sensor', 65, 'in transit', '2025-03-28T20:31:46.322085', '2025-03-27T08:31:46.322085');
INSERT INTO shipment_tracking (stock_id, latitude, longitude, temperature, updated_at, source_location, destination_location, in_transit_since) VALUES ('TRN0137', 11.583233, 77.1037, 26.19, '2025-03-28T20:31:46.322085', 'Vishakhapatnam', 'Dharmapuri', INTERVAL '1 day, 12:00:00');
INSERT INTO transit_list (stock_id, stock_name, quantity, status, last_location_updated_at, moved_at) VALUES ('TRN0138', 'Bluetooth Module', 10, 'in transit', '2025-03-24T11:31:46.322104', '2025-03-24T08:31:46.322104');
INSERT INTO shipment_tracking (stock_id, latitude, longitude, temperature, updated_at, source_location, destination_location, in_transit_since) VALUES ('TRN0138', 10.710658, 76.618541, 25.43, '2025-03-24T11:31:46.322104', 'Bengaluru', 'Tirupati', INTERVAL '3:00:00');
INSERT INTO transit_list (stock_id, stock_name, quantity, status, last_location_updated_at, moved_at) VALUES ('TRN0139', 'Camera Module', 42, 'in transit', '2025-03-23T04:31:46.322122', '2025-03-22T08:31:46.322122');
INSERT INTO shipment_tracking (stock_id, latitude, longitude, temperature, updated_at, source_location, destination_location, in_transit_since) VALUES ('TRN0139', 10.823214, 78.740377, 23.69, '2025-03-23T04:31:46.322122', 'Vishakhapatnam', 'Tirupati', INTERVAL '20:00:00');
INSERT INTO transit_list (stock_id, stock_name, quantity, status, last_location_updated_at, moved_at) VALUES ('TRN0140', 'Display Unit', 26, 'in transit', '2025-03-26T09:31:46.322140', '2025-03-26T08:31:46.322140');
INSERT INTO shipment_tracking (stock_id, latitude, longitude, temperature, updated_at, source_location, destination_location, in_transit_since) VALUES ('TRN0140', 12.054417, 77.222495, 33.52, '2025-03-26T09:31:46.322140', 'Salem', 'Dharmapuri', INTERVAL '1:00:00');
INSERT INTO transit_list (stock_id, stock_name, quantity, status, last_location_updated_at, moved_at) VALUES ('TRN0141', 'WiFi Module', 45, 'in transit', '2025-03-28T06:31:46.322157', '2025-03-26T08:31:46.322157');
INSERT INTO shipment_tracking (stock_id, latitude, longitude, temperature, updated_at, source_location, destination_location, in_transit_since) VALUES ('TRN0141', 10.396256, 79.993207, 32.13, '2025-03-28T06:31:46.322157', 'Salem', 'Ambur', INTERVAL '1 day, 22:00:00');
INSERT INTO transit_list (stock_id, stock_name, quantity, status, last_location_updated_at, moved_at) VALUES ('TRN0142', 'Bluetooth Module', 26, 'in transit', '2025-03-27T01:31:46.322175', '2025-03-26T08:31:46.322175');
INSERT INTO shipment_tracking (stock_id, latitude, longitude, temperature, updated_at, source_location, destination_location, in_transit_since) VALUES ('TRN0142', 12.103104, 76.17722, 22.14, '2025-03-27T01:31:46.322175', 'Chennai', 'Tirupati', INTERVAL '17:00:00');
INSERT INTO transit_list (stock_id, stock_name, quantity, status, last_location_updated_at, moved_at) VALUES ('TRN0143', 'Display Unit', 64, 'in transit', '2025-03-23T12:31:46.322193', '2025-03-23T08:31:46.322193');
INSERT INTO shipment_tracking (stock_id, latitude, longitude, temperature, updated_at, source_location, destination_location, in_transit_since) VALUES ('TRN0143', 11.395348, 79.805989, 25.45, '2025-03-23T12:31:46.322193', 'Chennai', 'Hosur', INTERVAL '4:00:00');
INSERT INTO transit_list (stock_id, stock_name, quantity, status, last_location_updated_at, moved_at) VALUES ('TRN0144', 'Power Adapter', 93, 'in transit', '2025-03-27T23:31:46.322210', '2025-03-27T08:31:46.322210');
INSERT INTO shipment_tracking (stock_id, latitude, longitude, temperature, updated_at, source_location, destination_location, in_transit_since) VALUES ('TRN0144', 11.669939, 76.611051, 31.85, '2025-03-27T23:31:46.322210', 'Bengaluru', 'Tirupati', INTERVAL '15:00:00');
INSERT INTO transit_list (stock_id, stock_name, quantity, status, last_location_updated_at, moved_at) VALUES ('TRN0145', 'Motion Sensor', 91, 'in transit', '2025-03-24T08:31:46.322227', '2025-03-22T08:31:46.322227');
INSERT INTO shipment_tracking (stock_id, latitude, longitude, temperature, updated_at, source_location, destination_location, in_transit_since) VALUES ('TRN0145', 12.730429, 76.800128, 20.59, '2025-03-24T08:31:46.322227', 'Salem', 'Dharmapuri', INTERVAL '2 days, 0:00:00');
INSERT INTO transit_list (stock_id, stock_name, quantity, status, last_location_updated_at, moved_at) VALUES ('TRN0146', 'Camera Module', 72, 'in transit', '2025-03-29T03:31:46.322245', '2025-03-27T08:31:46.322245');
INSERT INTO shipment_tracking (stock_id, latitude, longitude, temperature, updated_at, source_location, destination_location, in_transit_since) VALUES ('TRN0146', 11.10805, 79.654205, 31.12, '2025-03-29T03:31:46.322245', 'Bengaluru', 'Tirupati', INTERVAL '1 day, 19:00:00');
INSERT INTO transit_list (stock_id, stock_name, quantity, status, last_location_updated_at, moved_at) VALUES ('TRN0147', 'Smart Bulb', 96, 'in transit', '2025-03-29T22:31:46.322263', '2025-03-28T08:31:46.322263');
INSERT INTO shipment_tracking (stock_id, latitude, longitude, temperature, updated_at, source_location, destination_location, in_transit_since) VALUES ('TRN0147', 10.258839, 79.9122, 20.81, '2025-03-29T22:31:46.322263', 'Bengaluru', 'Tirupati', INTERVAL '1 day, 14:00:00');
INSERT INTO transit_list (stock_id, stock_name, quantity, status, last_location_updated_at, moved_at) VALUES ('TRN0148', 'Smart Plug', 66, 'in transit', '2025-03-26T19:31:46.322281', '2025-03-25T08:31:46.322281');
INSERT INTO shipment_tracking (stock_id, latitude, longitude, temperature, updated_at, source_location, destination_location, in_transit_since) VALUES ('TRN0148', 11.144474, 77.756386, 21.07, '2025-03-26T19:31:46.322281', 'Chennai', 'Tirupati', INTERVAL '1 day, 11:00:00');
INSERT INTO transit_list (stock_id, stock_name, quantity, status, last_location_updated_at, moved_at) VALUES ('TRN0149', 'IR Sensor', 94, 'in transit', '2025-03-23T13:31:46.322299', '2025-03-22T08:31:46.322299');
INSERT INTO shipment_tracking (stock_id, latitude, longitude, temperature, updated_at, source_location, destination_location, in_transit_since) VALUES ('TRN0149', 11.837355, 78.97961, 25.22, '2025-03-23T13:31:46.322299', 'Vishakhapatnam', 'Dharmapuri', INTERVAL '1 day, 5:00:00');
INSERT INTO transit_list (stock_id, stock_name, quantity, status, last_location_updated_at, moved_at) VALUES ('TRN0150', 'GPS Tracker', 80, 'in transit', '2025-03-28T20:31:46.322317', '2025-03-27T08:31:46.322317');
INSERT INTO shipment_tracking (stock_id, latitude, longitude, temperature, updated_at, source_location, destination_location, in_transit_since) VALUES ('TRN0150', 11.920181, 76.177608, 27.75, '2025-03-28T20:31:46.322317', 'Vishakhapatnam', 'Dharmapuri', INTERVAL '1 day, 12:00:00');
INSERT INTO delivered (stock_id, stock_name, quantity, status, delivered_at, destination_location) VALUES ('DLV0151', 'Smart Bulb', 87, 'delivered', '2025-03-24T08:31:46.322520', 'Dharmapuri');
INSERT INTO delivered (stock_id, stock_name, quantity, status, delivered_at, destination_location) VALUES ('DLV0152', 'Gas Sensor', 54, 'delivered', '2025-03-30T08:31:46.322531', 'Hosur');
INSERT INTO delivered (stock_id, stock_name, quantity, status, delivered_at, destination_location) VALUES ('DLV0153', 'Bluetooth Module', 86, 'delivered', '2025-03-20T08:31:46.322537', 'Dharmapuri');
INSERT INTO delivered (stock_id, stock_name, quantity, status, delivered_at, destination_location) VALUES ('DLV0154', 'GPS Tracker', 35, 'delivered', '2025-03-18T08:31:46.322543', 'Dharmapuri');
INSERT INTO delivered (stock_id, stock_name, quantity, status, delivered_at, destination_location) VALUES ('DLV0155', 'IR Sensor', 70, 'delivered', '2025-03-23T08:31:46.322548', 'Ambur');
INSERT INTO delivered (stock_id, stock_name, quantity, status, delivered_at, destination_location) VALUES ('DLV0156', 'Temperature Sensor', 22, 'delivered', '2025-03-27T08:31:46.322554', 'Dharmapuri');
INSERT INTO delivered (stock_id, stock_name, quantity, status, delivered_at, destination_location) VALUES ('DLV0157', 'WiFi Module', 30, 'delivered', '2025-03-18T08:31:46.322560', 'Hosur');
INSERT INTO delivered (stock_id, stock_name, quantity, status, delivered_at, destination_location) VALUES ('DLV0158', 'Smart Bulb', 72, 'delivered', '2025-03-25T08:31:46.322567', 'Ambur');
INSERT INTO delivered (stock_id, stock_name, quantity, status, delivered_at, destination_location) VALUES ('DLV0159', 'WiFi Module', 56, 'delivered', '2025-03-24T08:31:46.322574', 'Dharmapuri');
INSERT INTO delivered (stock_id, stock_name, quantity, status, delivered_at, destination_location) VALUES ('DLV0160', 'Motion Sensor', 98, 'delivered', '2025-03-20T08:31:46.322580', 'Ambur');
INSERT INTO delivered (stock_id, stock_name, quantity, status, delivered_at, destination_location) VALUES ('DLV0161', 'Relay Switch', 16, 'delivered', '2025-03-20T08:31:46.322589', 'Dharmapuri');
INSERT INTO delivered (stock_id, stock_name, quantity, status, delivered_at, destination_location) VALUES ('DLV0162', 'IR Sensor', 31, 'delivered', '2025-03-31T08:31:46.322598', 'Dharmapuri');
INSERT INTO delivered (stock_id, stock_name, quantity, status, delivered_at, destination_location) VALUES ('DLV0163', 'Temperature Sensor', 18, 'delivered', '2025-03-17T08:31:46.322607', 'Hosur');
INSERT INTO delivered (stock_id, stock_name, quantity, status, delivered_at, destination_location) VALUES ('DLV0164', 'Relay Switch', 30, 'delivered', '2025-03-26T08:31:46.322615', 'Hosur');
INSERT INTO delivered (stock_id, stock_name, quantity, status, delivered_at, destination_location) VALUES ('DLV0165', 'Temperature Sensor', 26, 'delivered', '2025-03-27T08:31:46.322620', 'Tirupati');
INSERT INTO delivered (stock_id, stock_name, quantity, status, delivered_at, destination_location) VALUES ('DLV0166', 'Display Unit', 23, 'delivered', '2025-03-28T08:31:46.322626', 'Ambur');
INSERT INTO delivered (stock_id, stock_name, quantity, status, delivered_at, destination_location) VALUES ('DLV0167', 'Motion Sensor', 37, 'delivered', '2025-03-18T08:31:46.322631', 'Ambur');
INSERT INTO delivered (stock_id, stock_name, quantity, status, delivered_at, destination_location) VALUES ('DLV0168', 'GPS Tracker', 47, 'delivered', '2025-03-27T08:31:46.322636', 'Tirupati');
INSERT INTO delivered (stock_id, stock_name, quantity, status, delivered_at, destination_location) VALUES ('DLV0169', 'RFID Tag', 65, 'delivered', '2025-03-20T08:31:46.322642', 'Hosur');
INSERT INTO delivered (stock_id, stock_name, quantity, status, delivered_at, destination_location) VALUES ('DLV0170', 'Smart Bulb', 94, 'delivered', '2025-03-17T08:31:46.322647', 'Dharmapuri');
INSERT INTO delivered (stock_id, stock_name, quantity, status, delivered_at, destination_location) VALUES ('DLV0171', 'WiFi Module', 38, 'delivered', '2025-03-28T08:31:46.322653', 'Dharmapuri');
INSERT INTO delivered (stock_id, stock_name, quantity, status, delivered_at, destination_location) VALUES ('DLV0172', 'Gas Sensor', 84, 'delivered', '2025-03-22T08:31:46.322658', 'Tirupati');
INSERT INTO delivered (stock_id, stock_name, quantity, status, delivered_at, destination_location) VALUES ('DLV0173', 'Smart Plug', 10, 'delivered', '2025-03-28T08:31:46.322663', 'Dharmapuri');
INSERT INTO delivered (stock_id, stock_name, quantity, status, delivered_at, destination_location) VALUES ('DLV0174', 'Camera Module', 77, 'delivered', '2025-03-18T08:31:46.322668', 'Ambur');
INSERT INTO delivered (stock_id, stock_name, quantity, status, delivered_at, destination_location) VALUES ('DLV0175', 'IR Sensor', 65, 'delivered', '2025-03-24T08:31:46.322674', 'Hosur');
INSERT INTO delivered (stock_id, stock_name, quantity, status, delivered_at, destination_location) VALUES ('DLV0176', 'Bluetooth Module', 41, 'delivered', '2025-03-25T08:31:46.322679', 'Hosur');
INSERT INTO delivered (stock_id, stock_name, quantity, status, delivered_at, destination_location) VALUES ('DLV0177', 'Relay Switch', 89, 'delivered', '2025-03-18T08:31:46.322684', 'Ambur');
INSERT INTO delivered (stock_id, stock_name, quantity, status, delivered_at, destination_location) VALUES ('DLV0178', 'Bluetooth Module', 70, 'delivered', '2025-03-25T08:31:46.322689', 'Hosur');
INSERT INTO delivered (stock_id, stock_name, quantity, status, delivered_at, destination_location) VALUES ('DLV0179', 'WiFi Module', 45, 'delivered', '2025-03-18T08:31:46.322695', 'Ambur');
INSERT INTO delivered (stock_id, stock_name, quantity, status, delivered_at, destination_location) VALUES ('DLV0180', 'Power Adapter', 83, 'delivered', '2025-03-18T08:31:46.322700', 'Hosur');
INSERT INTO delivered (stock_id, stock_name, quantity, status, delivered_at, destination_location) VALUES ('DLV0181', 'Microcontroller', 82, 'delivered', '2025-03-31T08:31:46.322705', 'Ambur');
INSERT INTO delivered (stock_id, stock_name, quantity, status, delivered_at, destination_location) VALUES ('DLV0182', 'Smart Plug', 86, 'delivered', '2025-03-23T08:31:46.322711', 'Ambur');
INSERT INTO delivered (stock_id, stock_name, quantity, status, delivered_at, destination_location) VALUES ('DLV0183', 'Bluetooth Module', 95, 'delivered', '2025-03-19T08:31:46.322716', 'Hosur');
INSERT INTO delivered (stock_id, stock_name, quantity, status, delivered_at, destination_location) VALUES ('DLV0184', 'Motion Sensor', 26, 'delivered', '2025-03-19T08:31:46.322722', 'Dharmapuri');
INSERT INTO delivered (stock_id, stock_name, quantity, status, delivered_at, destination_location) VALUES ('DLV0185', 'GPS Tracker', 89, 'delivered', '2025-03-25T08:31:46.322727', 'Dharmapuri');
INSERT INTO delivered (stock_id, stock_name, quantity, status, delivered_at, destination_location) VALUES ('DLV0186', 'Smart Plug', 47, 'delivered', '2025-03-19T08:31:46.322734', 'Ambur');
INSERT INTO delivered (stock_id, stock_name, quantity, status, delivered_at, destination_location) VALUES ('DLV0187', 'Smart Plug', 61, 'delivered', '2025-03-30T08:31:46.322739', 'Ambur');
INSERT INTO delivered (stock_id, stock_name, quantity, status, delivered_at, destination_location) VALUES ('DLV0188', 'Temperature Sensor', 79, 'delivered', '2025-03-17T08:31:46.322745', 'Hosur');
INSERT INTO delivered (stock_id, stock_name, quantity, status, delivered_at, destination_location) VALUES ('DLV0189', 'GPS Tracker', 34, 'delivered', '2025-03-18T08:31:46.322750', 'Tirupati');
INSERT INTO delivered (stock_id, stock_name, quantity, status, delivered_at, destination_location) VALUES ('DLV0190', 'Power Adapter', 70, 'delivered', '2025-03-17T08:31:46.322755', 'Hosur');
INSERT INTO delivered (stock_id, stock_name, quantity, status, delivered_at, destination_location) VALUES ('DLV0191', 'WiFi Module', 78, 'delivered', '2025-03-22T08:31:46.322760', 'Hosur');
INSERT INTO delivered (stock_id, stock_name, quantity, status, delivered_at, destination_location) VALUES ('DLV0192', 'RFID Tag', 68, 'delivered', '2025-03-25T08:31:46.322765', 'Hosur');
INSERT INTO delivered (stock_id, stock_name, quantity, status, delivered_at, destination_location) VALUES ('DLV0193', 'Display Unit', 67, 'delivered', '2025-03-20T08:31:46.322771', 'Tirupati');
INSERT INTO delivered (stock_id, stock_name, quantity, status, delivered_at, destination_location) VALUES ('DLV0194', 'Smart Bulb', 29, 'delivered', '2025-03-17T08:31:46.322777', 'Dharmapuri');
INSERT INTO delivered (stock_id, stock_name, quantity, status, delivered_at, destination_location) VALUES ('DLV0195', 'WiFi Module', 73, 'delivered', '2025-03-20T08:31:46.322782', 'Tirupati');
INSERT INTO delivered (stock_id, stock_name, quantity, status, delivered_at, destination_location) VALUES ('DLV0196', 'Bluetooth Module', 70, 'delivered', '2025-03-21T08:31:46.322787', 'Dharmapuri');
INSERT INTO delivered (stock_id, stock_name, quantity, status, delivered_at, destination_location) VALUES ('DLV0197', 'IR Sensor', 71, 'delivered', '2025-03-25T08:31:46.322794', 'Hosur');
INSERT INTO delivered (stock_id, stock_name, quantity, status, delivered_at, destination_location) VALUES ('DLV0198', 'Smart Plug', 91, 'delivered', '2025-03-18T08:31:46.322803', 'Hosur');
INSERT INTO delivered (stock_id, stock_name, quantity, status, delivered_at, destination_location) VALUES ('DLV0199', 'Camera Module', 26, 'delivered', '2025-03-27T08:31:46.322812', 'Ambur');
INSERT INTO delivered (stock_id, stock_name, quantity, status, delivered_at, destination_location) VALUES ('DLV0200', 'Microcontroller', 35, 'delivered', '2025-03-31T08:31:46.322820', 'Ambur');